{
    "name": "pxt-2812b-neopixel-blikavator",
    "description": "",
    "dependencies": {
        "core": "*",
        "radio": "*",
        "microphone": "*",
        "neopixel": "github:microsoft/pxt-neopixel#v0.7.6",
        "WhaleySansFont": "github:makecode-extensions/whaleysansfont#v1.1.0"
    },
    "files": [
        "main.ts",
        "README.md"
    ],
    "testFiles": [
        "test.ts"
    ],
    "targetVersions": {
        "target": "7.0.57",
        "targetId": "microbit"
    },
    "supportedTargets": [
        "microbit"
    ],
    "preferredEditor": "tsprj",
    "languageRestriction": "javascript-only"
}
